,iSST,deltaSST,LR,SR,DS,bw_cent,egvec_cent,ITM,pr05,Area,region,min_cover
0,23.449306641060605,1.0148983710606068,0.9768320523872825,1.0,0.261939603,0.0,1.256800119125225e-18,1.5583481150753313e-05,0.023167947612717427,2176000000.0,1,0.03200307954660686
1,24.572670629924243,1.5779693202272718,0.8635891400065501,0.1211489763081587,0.020207526,0.00011257331337033242,-1.5197546203336702e-17,4.539713942273345e-06,0.09116306469183807,256000000.0,1,0.03121164921241458
2,25.207249755984847,1.4687746982575725,0.7192868966738672,0.8022758249995156,0.146814853,0.004277785908072632,1.0357336485700527e-17,2.6298865324434966e-06,0.014530566604184116,320000000.0,1,0.029602121360359123
3,25.030369165606064,1.524015821439388,0.3433514740283222,0.5340674612062171,0.150741744,0.0009287298353052425,-6.102807451289155e-18,-2.5697210995636935e-05,0.02828310119591027,256000000.0,1,0.014835933032683364
4,25.222680116818182,1.5190847706818147,0.26809328096421314,0.3404542954792707,0.127839459,0.003016964798324909,-1.315560660708678e-17,-7.183700862119609e-05,0.04646264186709364,320000000.0,1,0.0015827817914714371
5,25.33429445416667,1.4772830580302987,0.4111619565759036,0.6212549314998463,0.127450021,0.0035573167025025046,5.681211484249199e-18,-3.5243873033012393e-05,0.03124252917934003,256000000.0,1,0.014698173606551377
6,26.4470051705303,1.2851759132575822,0.0,0.0,9.639900000000001e-05,0.0,1.3295650098946659e-09,2.1459614074684777e-07,0.023994024834282514,128000000.0,1,0.09248809318407254
7,26.252837377499997,1.271209632121213,0.055815678378932386,0.1697214618103514,0.061609571,0.00019700329839808173,1.5305143892996258e-09,4.337321336897383e-05,0.14934739604013797,640000000.0,1,0.1125034807601282
8,26.4470051705303,1.2851759132575822,0.0,0.0,0.000116103,0.0,1.2213293768639156e-09,5.663218671348965e-07,0.02800961215472468,64000000.0,1,0.09262842410229147
9,26.342113434848486,1.2607616994696969,0.05836257758825934,0.01976185296267089,0.012167917000000002,0.0,2.5045179944845674e-09,1.4058104177789423e-05,0.04560147805084469,256000000.0,1,0.09969191456014231
10,26.481805248863633,1.2769227006060682,0.43580815726364336,0.009199903834538383,0.0012438730000000002,0.0,6.639644247287561e-09,8.113189341984408e-07,0.07044931435926335,320000000.0,1,0.09183629512071953
11,26.38479431833333,1.2396156646969736,0.13486124906160757,0.9266726590875661,0.4698807140000001,0.014564172417286757,1.4224763660143768e-09,9.848031686233915e-05,0.047444728706188176,2560000000.0,1,0.12507848567472193
12,26.38479431833333,1.2396156646969736,0.0,0.0,7.9778e-05,0.0,7.87289436114441e-09,4.373734258153289e-07,0.03008348166161097,128000000.0,1,0.09133524523164678
13,26.38479431833333,1.2396156646969736,0.0001379060644451085,0.7729144635595334,0.651893014,0.003996352624646801,3.583838210625133e-13,0.0002658321010345867,0.31470722587004135,768000000.0,1,0.1614248225862038
14,26.722087562803036,1.2447558049242389,0.151388901500102,0.9765671303257681,1.085674038,0.02996420168634823,1.3344154401550083e-09,1.3258724144109269e-05,0.0035673617167218284,1920000000.0,1,0.09320929332540306
15,26.37381754545455,1.2200164382575736,0.047123384887872655,0.13355699629039,0.157682009,0.0071624770631874,1.6383876172567862e-08,0.0001343043398265715,0.09208482370363508,1152000000.0,1,0.13075325379086755
16,26.64504700916667,1.2113034730302985,0.0,0.0,0.0005243670000000001,0.0,2.9991055631924074e-08,5.034574983983474e-07,0.01723029862672517,192000000.0,1,0.09226962832013688
17,26.72290180621212,1.198493658181814,0.15245025194063855,0.29631131633802354,0.21283664400000002,0.011814569238216388,1.498216180059602e-08,5.975703952221315e-05,0.007549249836884291,448000000.0,1,0.10541358844693441
18,26.796772786136362,1.2698032549242413,0.036855047041693186,0.06956155916001974,0.137482934,0.006326620211412682,8.864184216497578e-09,-1.711705042034623e-06,0.012801276120569261,320000000.0,1,0.07916261389862693
19,26.714320226136365,1.263494545303029,0.0,0.0,0.000596347,0.0,1.8211627948866045e-08,2.099253268354721e-06,0.05263210848717273,64000000.0,1,0.08926358763073439
20,26.56615475719697,1.1876724358333313,0.2699628395920556,0.8011563800492341,0.656568142,0.04328725332372707,1.0658511224622681e-08,0.0001959546356345301,0.03158682347399062,1408000000.0,1,0.13514884825012768
21,26.738559579242427,1.1978679153030285,0.17054070884059314,0.159553531613637,0.112866307,0.004728079161553962,2.7319092473825967e-08,3.101408898511531e-05,0.009918026289280468,320000000.0,1,0.10250561814934442
22,26.674586813484847,1.2100519718181815,0.0,0.0,0.0005471829999999999,0.0,5.520545158516291e-08,2.6277273512892923e-06,0.06242884007726849,128000000.0,1,0.09423867904175698
23,26.835290129166665,1.325881079848486,0.007405663161856481,0.13146814197540332,0.24529336,0.0678845222951447,3.863764308565071e-11,3.269108680491729e-05,0.05600858090899811,1088000000.0,1,0.07651666948283514
24,26.61181563780303,1.2021937612878801,0.0,0.0,3.5283e-05,0.0,3.760039087107856e-08,3.395390562878138e-07,0.035796275826885465,64000000.0,1,0.09344538978379607
25,26.748954369318184,1.2572599230303005,0.05942450355874105,0.012683703126055552,0.011627005,0.0,6.15345207089832e-08,-2.414751973155618e-07,0.009161688672190303,1920000000.0,1,0.08913576687296226
26,26.695794391893944,1.1888754411363607,0.026616545738402296,0.10243244934511561,0.29402913799999997,0.004795623149576161,2.4493375311499397e-08,0.00018366306984167374,0.04324480589403354,576000000.0,1,0.1297042269149835
27,26.827646652348484,1.2510994092424284,0.0,0.0,0.00021135,0.0,7.539234691698241e-08,-1.2123901897988354e-06,0.019233498935415188,64000000.0,1,0.08905740477494918
28,26.47293879606061,1.2095707269696874,0.0,0.0,0.00011085200000000002,0.0,2.5635106223680985e-08,6.786376101565401e-07,0.06948002742395265,128000000.0,1,0.09467243358827368
29,26.827646652348484,1.2510994092424284,0.0191636400282147,0.19286811969247442,0.5962437190000001,0.019981763123234006,2.562218430468326e-07,-5.16184026361383e-05,0.010097030472869434,832000000.0,1,0.08014209509598838
30,26.596618358560605,1.2305958495454554,0.0,0.0,0.001209546,0.0,3.005964269684644e-07,1.9043753960187864e-06,0.036583974482987835,192000000.0,1,0.0941646639290739
31,26.45546037901515,1.2070788777272732,0.0,0.0,0.000276216,0.0,3.879802063092817e-08,3.318053471696158e-07,0.019368899701682738,192000000.0,1,0.09444200590390259
32,26.491402629621213,1.2178605519697001,0.0,0.0,0.000343431,0.0,1.1195283790312936e-07,1.1669394998771797e-06,0.05294513308350148,128000000.0,1,0.0930551919110905
33,26.457786573181817,1.2182466792424265,0.05192010816418748,0.029486851770251357,0.022493212000000002,0.002364039580776981,1.1892757086209045e-07,3.0741103830501787e-06,0.07357432989116895,3200000000.0,1,0.09559221354415812
34,26.711077429090906,1.1559887334090924,0.0,0.0,0.000726922,0.0,7.45190584261832e-08,2.049801958840808e-06,0.09380648817892429,256000000.0,1,0.09336636310135246
35,26.672295048409094,1.1485225836363675,0.10908965387874489,0.688005880821432,1.362145673,0.041322849005414775,1.5424286292022776e-08,0.00012367538507694137,0.017629873570798326,3328000000.0,1,0.12432759414666114
36,26.866405081590905,1.2462781321969736,0.02067215148668733,0.0017810539693907071,0.007412822999999999,0.0,5.324364002756489e-07,-5.940487090029408e-07,0.017880232672491978,384000000.0,1,0.08892085919225787
37,26.820704416818185,1.3083435910606056,0.05155601662303982,0.34609084752319447,0.255989521,0.0335581047156961,9.245091318180234e-10,3.2766449161860765e-05,0.10721288860882708,1920000000.0,1,0.08259193099891778
38,26.756618642878788,1.1540191841666676,0.0,0.0,0.000152046,0.0,8.131376510852854e-08,6.438154669205289e-07,0.03525248937821449,192000000.0,1,0.08948272034812303
39,26.744573664772727,1.122385701893947,0.08544032528524743,0.11559087461703015,0.246204587,0.014246152807015567,2.5270185963800962e-08,2.706380496436515e-05,0.02333670980711663,1664000000.0,1,0.09945133847287083
40,26.491402629621213,1.2178605519697001,0.17031090067308058,0.014058853618269607,0.004864350999999999,0.0,7.12764432032514e-08,2.0161710242932672e-05,0.014442625542441329,64000000.0,1,0.10234121309003685
41,26.756618642878788,1.1540191841666676,0.0,0.0,0.00021045200000000002,0.0,2.6658023067162093e-08,1.2252245897282883e-06,0.03421207686313268,128000000.0,1,0.08976191551142279
42,26.528865383787878,1.2805853980303041,0.49459224596203344,0.009016777498478906,0.0024511100000000003,0.0,2.9132078498532247e-08,4.021733078889639e-06,0.16056480533309395,256000000.0,1,0.06948567160788145
43,26.799060068484845,1.1593889992424273,0.0,0.0,0.00041821299999999996,0.0,3.087833886827019e-08,7.234132874728361e-07,0.04006092589183024,320000000.0,1,0.08868056873253782
44,26.341196429469697,1.2790843704545445,0.6995385941286633,0.5937830616097481,0.273756161,0.0365215971901701,2.4417379536755985e-08,0.00019472807969922077,0.21010858637807972,960000000.0,1,0.13728751064264275
45,26.545891373939398,1.274662157121206,0.03986806941595417,0.0038479732321339464,0.011949011,0.0,1.91899418465671e-08,4.0913041376972804e-05,0.2437713045874675,128000000.0,1,0.0891315499071641
46,26.55044977007575,1.2863122762878874,0.11182324404313018,0.009950925262843009,0.009905454,0.0,2.8654228346855382e-08,1.5413893318694475e-05,0.09352786858633638,128000000.0,1,0.07667578343173063
47,26.913959815984846,1.2988534613636382,0.010305637963752038,0.022775919244615972,0.05984976399999999,8.442998502774931e-05,5.650869325087231e-09,4.741507448592909e-06,0.11731524956389135,832000000.0,1,0.07129295870914781
48,26.744573664772727,1.122385701893947,0.07260785827044407,0.13387765308729851,0.458808465,0.0338817529916358,3.9433865448587545e-08,3.31918583551552e-05,0.0742695320584375,3904000000.0,1,0.09989270529166663
49,26.62742106310606,1.2287818688636385,0.01844448605830875,0.006790222764396187,0.031421151999999994,0.0,5.360358047636171e-07,6.252903102887313e-06,0.04036048710117313,704000000.0,1,0.09445391549277113
50,26.55149917651515,1.208507545757577,0.0,0.0,0.00016668599999999996,0.0,1.7915966369693447e-07,4.991259480043603e-07,0.012232581020601615,256000000.0,1,0.09184052167202075
51,26.799060068484845,1.1593889992424273,0.0,0.0,0.000165196,0.0,5.121207282717621e-08,6.7254935364358e-07,0.04110269013777573,192000000.0,1,0.08867094592441505
52,26.545891373939398,1.274662157121206,0.09245003202694647,0.10442563547142653,0.114712778,0.018644955026961306,1.2104595309956738e-08,0.0002402402156728661,0.3006842881967343,256000000.0,1,0.13145221579805116
53,26.55044977007575,1.2863122762878874,0.021071491818407874,0.014496606797616324,0.045801171,0.0,9.672722279290841e-09,4.874174496835419e-05,0.21613613328794587,384000000.0,1,0.09191126173537674
54,26.704206620378788,1.2977660083333333,0.009919603105378164,0.08937158206373166,0.274395051,0.008589343810156363,1.293164875276274e-08,5.2934977547363015e-05,0.11083082544371399,1088000000.0,1,0.08811952398106893
55,26.95792533757576,1.2357830346969685,0.0,0.0,0.000236881,0.0,5.43495370782658e-07,-1.1781611265962617e-06,0.0186169426843014,64000000.0,1,0.08885977386078026
56,26.614991214621213,1.208492089318181,0.0,0.0,0.00019458,0.0,2.0043105922264444e-07,1.912213830259649e-07,0.04260458423270634,448000000.0,1,0.09189234746716525
57,26.614991214621213,1.208492089318181,0.047230533644255696,0.663884856671774,1.367185484,0.021977125102723146,6.425442590391945e-08,0.0006813656201161354,0.21574074948267952,1856000000.0,1,0.1693834295609886
58,26.81990467848485,1.1513830967424212,0.1787776595153502,0.006823449981694932,0.004696711,0.0,1.451118125713236e-07,8.007792958593726e-07,0.027824790582175487,832000000.0,1,0.08661095640693897
59,26.865998971893934,1.1554898842424386,0.0,0.0,0.00021058599999999997,0.0,8.525849630486127e-08,7.100316382220928e-07,0.0,128000000.0,1,0.08626948958229351
60,26.95792533757576,1.2357830346969685,0.037090173457811064,0.004725471422581483,0.0073159,0.0,4.221711892626801e-07,-1.643362633195832e-05,0.013312101040200112,64000000.0,1,0.07894797941538484
61,26.614991214621213,1.208492089318181,0.0,0.0,0.000521308,0.0,4.2202390036043775e-07,8.922689021469098e-07,0.0628361736248053,320000000.0,1,0.0922716923389307
62,26.865998971893934,1.1554898842424386,0.0,0.0,0.00016028399999999999,0.0,1.559957322655662e-07,1.473401712045851e-06,0.0,64000000.0,1,0.08670264366491845
63,26.868488105833332,1.0637974815151523,0.0,0.0,0.00038727400000000006,0.0,1.5352800539529364e-07,8.02643461236425e-07,0.0034342610141656804,256000000.0,1,0.07094034528446262
64,26.761718585000004,1.2247102209848428,0.02901737070453178,0.033313965898363766,0.055340299999999995,0.004728079161553962,2.5015559838944974e-07,5.394227026348361e-05,0.009465145653348465,64000000.0,1,0.1017977377605809
65,26.66526936106061,1.1988235827272753,0.1980008480331852,0.041351363229505014,0.0038253219999999995,0.0,1.1388973086769357e-07,4.436466840076275e-07,0.018310615420087512,960000000.0,1,0.09165603361901
66,26.815539609924247,1.0601610433333306,0.12562125979636093,0.3641322508286324,0.7522819,0.021901138116198173,1.3239227533755783e-07,5.895198862179011e-05,0.029613549123008287,2560000000.0,1,0.10272880698158585
67,26.85174459674242,1.2226004318939445,0.0,0.0,0.000142462,0.0,1.863640569677282e-07,1.2004243651241203e-06,0.11315298114584943,128000000.0,1,0.09077364250282792
68,26.71856386189394,1.2153051331060603,0.0,0.0,1.0374000000000001e-05,0.0,6.344938581749985e-07,2.930319413932133e-07,0.7779063042220937,128000000.0,1,0.09105999697374828
69,26.676289803257575,1.2084766365909125,0.09902559855868796,0.012795755416799564,0.007151261999999999,0.0,6.445592838771993e-07,3.8607278354577785e-06,0.03792183813150742,448000000.0,1,0.09296044325125943
70,26.87241563469697,1.163154872954543,0.08528585222070745,0.009546666978858023,0.010880902,0.0,2.2330878698349138e-07,4.7105527201248246e-06,0.017411332259035142,512000000.0,1,0.0898448851697746
71,26.864755037272722,1.1478248870454628,0.0724200467439094,0.14901285030070635,0.357497698,0.0266855039344373,3.026304820644393e-08,3.7269688955948584e-05,0.0010909217099350386,1408000000.0,1,0.09688501787177434
72,26.71856386189394,1.2153051331060603,0.0,0.0,0.000153521,0.0,2.2026150559046333e-07,4.761756864042753e-06,0.26739012903772125,64000000.0,1,0.09323399724677427
73,26.676289803257575,1.2084766365909125,0.0,0.0,6.135199999999999e-05,0.0,8.478891218876039e-07,6.592011526726262e-07,0.5038140565914723,256000000.0,1,0.09156270545529886
74,26.698785765,1.1997424506818142,0.0,0.0,1.0507000000000001e-05,0.0,7.887202581304787e-07,2.004529289446703e-07,0.44903397734843437,128000000.0,1,0.09138913349143468
75,27.155143326818187,1.2699471396212054,0.1620261255720331,0.059084985700047894,0.012459287000000001,0.0023527822494399477,3.49105433255437e-07,-1.6176691134391365e-05,0.024395617502028812,128000000.0,1,0.06720780586107422
76,27.12647934219697,1.2567031107575737,0.14026683288607508,0.017294323308043067,0.00551881,0.0,3.1826790582267167e-07,-1.4843741222301026e-05,0.019434986890289753,64000000.0,1,0.06911250393214208
77,26.71856386189394,1.2153051331060603,0.0,0.0,7.763e-05,0.0,2.0134463807520108e-07,8.169385593890883e-07,0.23624887285843102,192000000.0,1,0.09134443442998322
78,26.676289803257575,1.2084766365909125,0.0,0.0,0.001353356,0.0,9.503549080991357e-07,1.0380830686091383e-06,0.06091154138305072,576000000.0,1,0.09175126822337082
79,26.698785765,1.1997424506818142,0.0,0.0,3.5763e-05,0.0,8.641467638479226e-07,1.4064011672756625e-06,0.502502586472052,64000000.0,1,0.09169774655827632
80,26.929936510681816,1.1595966684848484,0.042531008391983656,0.010629589270251146,0.031072152999999998,0.002504756222489896,1.0725248148701833e-07,4.912158042264378e-06,0.021366527128004294,1152000000.0,1,0.08695462523741701
81,26.97163319848485,0.9109198892424253,0.25790153806671584,0.08755158319266164,0.096697756,0.005259988067228783,1.2432651592488358e-06,1.876837728482438e-05,0.03074556352683097,832000000.0,1,0.09017518505815994
82,26.81167578795454,1.2143602007575822,0.07903476611712348,0.00440227821256872,0.0033202730000000003,0.0,2.18425581672861e-07,4.83613630357735e-06,0.03207808514540822,192000000.0,1,0.09181399035122423
83,26.745136711287877,1.2006612258333362,0.0,0.0,2.9326000000000003e-05,0.0,8.835314200289255e-07,8.505606091273219e-07,0.21946395689831547,64000000.0,1,0.09117753330545655
84,26.746228681893943,1.2084611863636319,0.0,0.0,3.5097000000000006e-05,0.0,1.2976965201839696e-06,3.2218306643347556e-07,0.13704875060546481,192000000.0,1,0.09123979135745604
85,26.745136711287877,1.2006612258333362,0.0,0.0,3.2028e-05,0.0,1.1456394871074305e-06,2.9012533929291236e-07,0.15923566878980894,192000000.0,1,0.09097398104248687
86,26.77234216931818,1.1928613429545472,0.6164911106752657,0.008909261239381619,0.00086677,0.0,4.69730871161388e-07,3.420920078508947e-07,0.021551276578561783,576000000.0,1,0.09063542931356575
87,26.946090092954545,1.0086722972727316,0.1311798518209762,0.014767243843891692,0.032666297000000004,0.0,5.822906333774e-07,2.379248650660133e-05,0.017286256841416704,256000000.0,1,0.08631985963414722
88,27.10356250007576,1.228753569393934,0.0,0.0,5.1499e-05,0.0,9.542525576795621e-07,-3.1183432397696046e-07,0.03668032388978426,64000000.0,1,0.08860272400266428
89,26.949125343257574,1.2204906676515144,0.015327708022204563,0.02263420845260371,0.062473463,0.004728079161553962,2.006482633760105e-07,-8.079803453996607e-07,0.006726327945034839,2240000000.0,1,0.08862460387537752
90,27.14102644772727,1.2603649887121264,0.10420292382731672,0.03817343047842843,0.028066294999999998,0.0,2.7563342648831356e-06,-1.6200798092529243e-05,0.019397786562137965,256000000.0,1,0.06816974262500769
91,26.745136711287877,1.2006612258333362,0.0,0.0,9.336100000000002e-05,0.0,6.237452974904013e-07,2.0834683483458647e-06,0.07670226325767718,64000000.0,1,0.09170427964492385
92,26.854277908636366,1.1318635336363556,0.31488526589224586,0.002911627162008501,0.001417059,0.0,3.4652219532656305e-07,1.441171316733247e-06,0.013323369034034574,256000000.0,1,0.07716076958456257
93,26.98452581083333,0.9772057238636371,0.02484226384737346,0.007786948657902104,0.081077957,0.00038274926545913025,4.981377451703435e-07,2.388380472332487e-05,0.024555663137885927,384000000.0,1,0.09017247433106274
94,26.83692711121212,1.2079956268181817,0.0,0.0,5.5495e-05,0.0,8.64757152666117e-07,2.2412349676587832e-07,0.13393999459410758,256000000.0,1,0.09011099173998505
95,27.199829878484845,1.2438931840151568,0.05778081818921093,0.824165846617371,1.399725766,0.06701770778219315,3.8439589624650603e-07,-0.00025851290256476844,0.008549207488118783,1280000000.0,1,0.02361439702246087
96,26.91402278977273,1.1529059155302974,0.1025149885976864,0.0024148334528846095,0.0027779450000000004,0.0,6.024630272681412e-07,1.2361912700314713e-06,0.008421693014080552,320000000.0,1,0.0795011768806398
97,26.934034536969694,1.1038849581060646,0.0507372210638547,0.07762430704108142,0.287065387,0.023409620515360628,8.871874245929577e-08,3.5591149843939366e-05,0.011249743599356338,1728000000.0,1,0.0911953402907815
98,26.85513430007576,1.2069553989393924,0.783840393756555,0.035013931168152365,0.004639618,0.0008780718442885928,-3.2663776270894523e-18,1.1137208751228133e-06,0.02641639893629174,128000000.0,1,0.024954942832081668
99,27.050931720378788,1.2186683366666635,0.0,0.0,0.00034307799999999997,0.0,3.925832383579928e-06,-4.745958468522742e-07,0.011484268883460904,64000000.0,1,0.08804538273221217
100,26.91402278977273,1.1529059155302974,0.0,0.0,0.000673079,0.0,5.330134665593364e-07,1.5415891580111104e-06,0.011817334963652112,128000000.0,1,0.07960357035077031
101,26.911168127651514,1.1344649405303038,0.0,0.0,0.000239433,0.0,4.396703537319789e-07,1.3119722856730522e-06,0.04226652132329295,128000000.0,1,0.07681041111015663
102,26.88480704159091,1.1934982382575718,0.0,0.0,1.4222e-05,0.0,1.205749838730584e-06,1.973306446564384e-07,0.08648572633947406,64000000.0,1,0.08851979236572667
103,27.059219894772728,1.1047901959090893,0.0,0.0,0.00023723800000000002,0.0,3.1490146228962434e-07,2.955863848183521e-07,0.04893819708478405,128000000.0,1,0.07425678959908967
104,27.125208991363635,1.0433688098484843,0.0,0.0,1.6468e-05,0.0,2.5665660705126465e-07,-5.332106594914558e-08,0.0,64000000.0,1,0.07006454921413294
105,27.03106854765151,1.2121440326515192,0.0,0.0,0.000717074,0.0,3.06114137497586e-06,-1.1173086055714604e-06,0.0050036676828332915,64000000.0,1,0.0872739006646959
106,26.9448832025,1.2070799615151557,0.035457276342064706,0.020266260511521,0.065930614,0.002364039580776981,3.658540664634389e-06,-6.077501751244233e-07,0.005091276717065004,3264000000.0,1,0.08768292021575419
107,26.896341529318182,1.186707366590909,0.011813495505598834,0.11696538287726267,1.1661578060000002,0.02298747059022188,9.500019837781916e-08,0.00017513894348593107,0.011400398755295043,2432000000.0,1,0.11358983592875921
108,27.145211925681824,1.2463101065909008,0.021432341766219287,0.0059143015731028675,0.020888618,0.006478594184462631,1.6991916065160743e-06,-6.518421209572201e-07,0.033276399616288636,320000000.0,1,0.07974387128255989
109,26.977686173787877,1.1936351094696995,0.0,0.0,0.000227973,0.0,1.0994193598263364e-06,6.049085566448031e-07,0.021112149245744012,64000000.0,1,0.08717055026136934
110,26.972514939318184,1.187272083030301,0.0,0.0,0.00015185,0.0,3.236519554266306e-06,2.0450556727970924e-07,0.06028317418505103,64000000.0,1,0.08735137706700291
111,26.922373679772726,1.18003486151515,0.004326832194375702,0.0005288170245277457,0.014722087,0.0023584109151084643,5.652721565646891e-07,5.972185827661696e-05,0.05012169809891764,128000000.0,1,0.10279847521868685
112,26.922373679772726,1.18003486151515,0.2094098627799575,0.1996073174771234,0.094587713,0.006039558262318334,2.717047619071484e-06,1.3158715210199975e-05,0.03122256481663744,1728000000.0,1,0.09421029353735669
113,26.9448832025,1.2070799615151557,0.05068704991235135,0.009483987880830661,0.018911872,0.0,1.7491512365105329e-06,-1.372314106618516e-06,0.010864392483197857,384000000.0,1,0.08735030778142332
114,27.00242680780303,1.199998177348487,0.10693668155190178,0.004133565419781339,0.005020859,0.0,2.27770241695592e-06,-7.226869454548402e-06,0.015421663902531418,64000000.0,1,0.08304422972054351
115,27.00242680780303,1.199998177348487,0.0,0.0,2.1854e-05,0.0,6.433830006333253e-06,3.0990416433379115e-08,0.06863732039901162,64000000.0,1,0.08711003722924121
116,27.125208991363635,1.0433688098484843,0.08080859080361236,0.010123826385983607,0.018578099,0.002364039580776981,3.5297108826880627e-07,-7.011474011335442e-07,0.03780203776500491,1088000000.0,1,0.07119459081081
117,27.099700655378786,0.8624713762121203,0.2443363528581659,0.20555719373945566,0.135850845,0.0019362609899697177,3.257537937783554e-06,4.695663571744983e-05,0.05279546108086409,576000000.0,1,0.11353267130840729
118,27.099700655378786,0.8624713762121203,0.44206262554669495,0.14930065039415968,0.061912721000000004,0.01850986705091691,8.482471123352556e-06,-5.944254736654328e-06,0.03772748091624014,2048000000.0,1,0.08939220068783144
119,27.157555389772725,1.2388642090909165,0.330404006734599,0.12168223117050075,0.027744487999999998,0.0,1.4079143123858901e-06,-3.579504894799463e-06,0.023853206445907382,256000000.0,1,0.07888642107527541
120,26.972514939318184,1.187272083030301,0.0,0.0,0.000680448,0.0,2.1515073909139274e-06,3.6709019228567584e-06,0.04683091139954853,64000000.0,1,0.08821893612553319
121,27.0080844930303,1.1354427811363728,0.13837970880687422,0.0891314693248176,0.084550691,0.0026117008701917123,3.0827379302311774e-07,2.5965047148693683e-06,0.012369526347218144,5568000000.0,1,0.07737472259525563
122,27.18108062530303,1.2336658981818118,0.36026244981626754,0.032155230064511583,0.007845919,0.0,1.6986757021905482e-06,-1.9193739536252438e-06,0.06035838504068167,256000000.0,1,0.08173233817408111
123,26.995948260681818,1.042352197651514,0.05499192591092673,0.12726234543267995,0.429050258,0.045305129965890284,1.7863145514110035e-07,3.820812371779923e-05,0.034636849000566274,2944000000.0,1,0.09485177981027952
124,26.763673224242424,1.2314135604545413,0.8415830418812213,0.15300040480187682,0.003857409,0.0007148405399016108,-5.5236947242996905e-18,4.954731733775083e-06,0.09127033197672324,128000000.0,1,0.031752954896328955
125,26.763673224242424,1.2314135604545413,0.2795309461779394,0.04103288782666895,0.014334048000000002,0.0,1.5468882692786508e-06,3.299282430475876e-05,0.10644752968596169,256000000.0,1,0.04785142650296352
126,27.08811874098485,1.164265042424237,0.47030133450572564,0.31895554846634316,0.16320132300000004,0.02660107394940955,1.1072940760631942e-05,3.993846848964091e-05,0.11737701415570019,1728000000.0,1,0.08398759809334164
127,27.08811874098485,1.164265042424237,0.3407742044634895,0.0032867657426890033,0.0015486089999999998,0.0,5.214891594071061e-06,2.1772080545782917e-06,0.05687684883660111,384000000.0,1,0.0821345899571246
128,27.340553554848487,0.9732860454545431,0.2599195568430792,0.0027967378749835102,0.001764973,0.0,1.4534072375993173e-06,-3.694389794057472e-06,0.10621975520305411,64000000.0,1,0.07468156302522486
129,27.257077069015153,0.9185116905302984,0.06277402478585396,0.01687516812653472,0.044700336,0.003056365458004525,1.742073361957852e-06,-1.5475934724532127e-05,0.06238445277010893,448000000.0,1,0.08388292819138335
130,27.151055561818183,1.141351057803032,0.047455782920019896,0.00615279328650404,0.018645736,0.002364039580776981,2.979686252611418e-07,2.6684284472827524e-06,0.024330388459860207,2048000000.0,1,0.07745370512772541
131,27.245844202424244,0.9272704371969702,0.22418943415309717,0.28111518708747474,0.21989394899999998,0.026522272630050317,4.060388027212049e-07,-1.0934981718584598e-05,0.02968664681173196,1088000000.0,1,0.08640989755668646
132,26.682655375757577,1.2581825381818135,0.43436267468216394,0.9137433309816968,0.5434352760000001,0.0064701511859598555,7.309367019281021e-19,-4.4890590977587e-05,0.017234190369342157,896000000.0,1,0.007246127133327771
133,26.35416085348485,1.2351624061363644,0.07776414788927417,0.0010665675845276776,0.0020510479999999998,0.000371491934122097,1.8367691909477246e-17,8.574039938393551e-06,0.23184489100206335,128000000.0,1,0.03893052537400175
134,27.19747967818182,1.1984820688636297,0.0439490152952292,0.22543066008832924,0.730953806,0.0719146469138026,3.599640849084188e-06,-3.9853665304172525e-05,0.06358294411835923,2368000000.0,1,0.05250505955910983
135,27.222751448106063,1.1811122359090902,0.03339114064470346,0.023049514914557163,0.12698278400000002,0.001187648456057007,6.6728789096514926e-06,-2.0156828020692324e-05,0.020671030491818478,1600000000.0,1,0.07324180608111794
136,27.199568661136365,0.9351363053787907,0.1062095846087559,0.12044449886807397,0.166603608,0.011037813375961094,1.1233274257019252e-06,2.4433997517432073e-06,0.0491831065267206,1152000000.0,1,0.09146218443333454
137,26.60675226666667,1.303928873863633,0.36783118908539475,0.5717444407938279,0.051022861999999995,0.00033771994011099724,-2.7311233829642654e-18,-1.281999170138537e-06,0.034203000999826316,256000000.0,1,0.018517727013865434
138,27.229136038181817,1.167170567121211,0.0358623889550285,0.02158834035692329,0.093744452,0.00857808647881933,2.8838971467064344e-06,5.113334533537571e-06,0.05293758610909582,3072000000.0,1,0.08161339962779963
139,26.60667773333333,1.3148139793181848,0.23533264379701044,0.43153648012609425,0.03189583,0.004134254933525458,-4.319030782045365e-18,-3.46717204809027e-06,0.02206514143071367,256000000.0,1,0.014089761699557075
140,27.34909087530303,0.9721265560606085,0.22298039617934448,0.27453947969170067,0.106869933,2.2514662674066484e-05,1.7299880386852113e-05,-1.0862983578948716e-06,0.13202991340885373,704000000.0,1,0.08489194496859687
141,26.31062092378788,1.2638362195454533,0.027498660595495068,0.010547896112588134,0.011732826,0.0001350879760443989,9.761199843714206e-18,1.0338935978787795e-05,0.14447670152101463,64000000.0,1,0.04285524084920757
142,26.097008176439395,1.234457889999998,0.1716093924225434,0.003694192645997494,0.0009515330000000001,0.0001857459670610485,8.158053002171184e-18,1.125814075047561e-05,0.2451748914646155,64000000.0,1,0.04195192311194832
143,27.961281247348484,1.1821361321969661,0.4119493381262285,0.14910092620110435,0.008915975,0.0,3.988081441453794e-06,-9.119550485663962e-06,0.0014019779104360434,128000000.0,1,0.04698704715510349
144,26.31062092378788,1.2638362195454533,0.04481075546608028,0.01179008705528354,0.005786825,1.1257331337033242e-05,1.045511527963135e-17,6.516994732659944e-06,0.13919014312684416,64000000.0,1,0.0408440788669139
145,26.272867801515147,1.255195976818186,0.08764905204657107,0.005829307941722729,0.0018763579999999998,1.1257331337033242e-05,9.9587499077231e-18,4.642821050770986e-06,0.15457284803859395,64000000.0,1,0.041177173475629235
146,27.786545730984848,1.1790247786363643,0.37350843568806685,0.6533449057347606,0.320316728,0.06361799371840911,1.2171676248816128e-05,-0.00019252694019436512,0.02263080059933679,2432000000.0,1,0.0018406936469009868
147,27.35486507037879,1.0869810190909064,0.0355947243828411,0.05670754406386193,0.209388052,0.018681541353806664,2.818730532298949e-06,-6.9545276589244656e-06,0.06585307455842801,3712000000.0,1,0.07185523898896257
148,26.72415015219697,1.312822028257571,0.10221959883776646,0.06773512984934439,0.008442021,0.0,-9.382766298362174e-19,-2.8572871696860887e-06,0.012147209773583838,128000000.0,1,0.013064263467797365
149,28.059801584242425,1.192900236515154,0.3558995905742337,0.5242042028457632,0.13753457799999996,0.0,6.881039919535293e-05,-5.526013040771222e-05,9.888422386405258e-06,1088000000.0,1,0.05410008389421178
150,26.692099258560607,1.3166958343939328,0.11856126128172756,0.051220447126669816,0.006162620000000001,0.0,9.397892950223931e-18,-3.651944435945188e-06,0.017400878197909333,64000000.0,1,0.013423385983563862
151,28.026635671666668,1.171665386060603,0.420796723989095,0.4794051256826525,0.076349929,0.011611937274149789,3.695944518233551e-05,-3.0113038080645226e-05,2.0956142604926325e-05,1472000000.0,1,0.030818427885037157
152,28.006708133712117,1.2036436961363641,0.20814125912617365,0.8256026442402974,0.142201984,0.0143249541263748,1.1807010160576321e-05,-1.0529157489440526e-05,2.3206427274601176e-05,2496000000.0,1,0.06713105504779138
153,27.3427754664394,1.113805147651508,0.0,0.0,0.000236651,0.0,7.785793506542174e-06,1.8241429480690045e-08,0.22902924559794804,128000000.0,1,0.07271328211452925
154,27.945677386136367,1.2044121112121147,0.0,0.0,0.000251661,0.0,0.00011552567854642187,2.164916223446724e-07,0.006039871096435285,192000000.0,1,0.06970384718578013
155,27.945677386136367,1.2044121112121147,0.0891246071065267,0.20142374014150838,0.27099362099999996,0.011158829687834201,4.6222509645375646e-06,-0.00044532174951899883,0.0,896000000.0,1,0.0017544212849659872
156,27.4378865775,1.0004615309090958,0.4816152072447961,0.46908914918985806,0.101419555,1.1257331337033242e-05,4.875036638006172e-05,-4.384087844905331e-05,0.04939407395348954,256000000.0,1,0.07477574439861331
157,27.4378865775,1.0004615309090958,0.9257493418646253,0.49575121026435853,0.007206723999999999,0.0,6.305374390350887e-18,-8.036255702474198e-07,0.03556747837158743,64000000.0,1,0.07361648808782582
158,25.93461436272727,1.237387175606063,0.15484399980530397,0.010666933398895262,0.001335415,0.0,6.568652769882213e-18,1.4750190424738262e-05,0.32667373063804134,64000000.0,1,0.04744475013091873
159,28.02792148636364,1.198896862803032,0.16040942729765573,0.25922260295918176,0.151712405,0.027394715808670395,6.917417305304448e-05,-1.8025334505862043e-05,0.00188381431300888,1600000000.0,1,0.06277187757355476
160,27.20166975537879,0.9886920573484801,0.07290380441294815,0.24730357735362424,0.378177795,0.0215887471715955,1.719197309906874e-06,3.1657360075160686e-05,0.06958148613669927,2240000000.0,1,0.09386037663652083
161,27.303179766666673,1.0153349078787812,0.0,0.0,0.00016821500000000001,0.0,4.264239875536402e-06,6.770028341700407e-07,0.07781707933299645,64000000.0,1,0.0676829225255264
162,25.969879136515146,1.4895574819697082,0.17489710013536575,0.5693556731738795,0.020355225999999997,0.0011651337933829406,3.459185104118214e-18,1.7546080366652627e-06,0.08858801174695875,256000000.0,1,0.006901757985063733
163,26.267180746363636,1.3120380111363623,0.22310490540252426,0.0508923346511515,0.0030205880000000003,5.628665668516621e-06,-6.48907863795829e-18,1.2593729584113536e-05,0.24095904506010088,64000000.0,1,0.03472796874202628
164,26.182212439545456,1.3027224846969645,0.02409497599963741,0.027664963144931175,0.010590465,5.065799101664959e-05,3.978064809053925e-18,4.901620615825441e-05,0.3928846372656914,64000000.0,1,0.05440510704401926
165,28.06247728219697,1.1774182892424214,0.41435507323741116,0.3440494859624409,0.060704699,0.0031407954430322745,5.067676028230259e-05,-9.797983958636147e-06,0.0019139869221656135,832000000.0,1,0.05570774824916386
166,27.981880615909095,1.1908690329545415,0.4333079290206183,0.722848785347246,0.23460452299999995,0.01737850525154507,4.2451532271590766e-05,-3.72211749919224e-07,0.002274005603890255,1344000000.0,1,0.06710336433741951
167,27.445847082499995,1.0180591912121173,0.043438449358124645,0.032170734517104276,0.039009909999999995,0.0021332642883677994,5.158627641677494e-06,-6.60727839552486e-06,0.18435915386628682,448000000.0,1,0.0724232057311514
168,27.303179766666673,1.0153349078787812,0.35652302762295934,0.17701912319043925,0.043265929,0.0,2.02689229824751e-06,3.792303639926955e-05,0.1371689488049592,256000000.0,1,0.0942098062316544
169,26.16379188166667,1.2891014973484864,0.0035911312143337253,0.005689688703186464,0.021246786999999996,0.00016323130438698202,4.462669001472088e-18,6.211143420017611e-05,0.2467079375342729,64000000.0,1,0.06253031116240845
170,26.16379188166667,1.2891014973484864,0.32536669404432517,0.5351606400429917,0.269682182,0.017477006900744108,2.0872692575440282e-05,0.00017653645721618668,0.5965927181648213,1280000000.0,1,0.11440547375265428
171,27.435954067727277,1.0288410093181817,0.017702924620811286,0.024675750480585904,0.134583977,0.007643727977845571,4.231471127632266e-06,3.287975214377887e-05,0.08481489590696224,448000000.0,1,0.08038138771307368
172,27.315761836212122,1.0162257155302967,0.09613814855162736,0.03331374141715744,0.028244146999999997,0.0024315835687991802,1.5384261265326188e-06,1.2467854939743106e-05,0.2377931611813237,640000000.0,1,0.0796439916990665
173,27.381094676287884,1.0236496623484825,0.031463049234458716,0.0015158638772283025,0.004213227999999999,0.0,4.081349518178473e-06,6.2417967263899234e-06,0.20324962237980002,256000000.0,1,0.07013644596279914
174,26.75812986939394,1.3220983011363536,0.1372919300985995,0.19263700933167519,0.025559258999999997,0.0003011336132656392,6.3412824675511854e-18,-1.5168514693204431e-05,0.0261374948311295,128000000.0,1,0.004899445294985323
175,27.940787032196965,1.2008393149242451,0.27509385217202686,0.7140105436550478,0.664424154,0.04310150735666603,9.814922654373597e-05,-6.017659153238768e-05,0.003624669551071137,1728000000.0,1,0.0825140933632133
176,27.375436513333337,1.021734818106058,0.010745821226049179,0.0012114322437173045,0.013842218,0.0,2.804269362590635e-06,3.277582723959848e-05,0.26673485419749926,128000000.0,1,0.09377102477804516
177,25.75766155462121,1.490068272196968,0.2744640378516935,0.1799310377407757,0.00789608,5.628665668516621e-05,1.0344427606843014e-17,6.039958513561069e-06,0.10540078114710084,128000000.0,1,0.007160096332575558
178,25.75766155462121,1.490068272196968,0.3362855104218629,0.2316847088909988,0.039592249999999996,0.0008217851876034267,1.1316465830580098e-08,0.00016863578909409084,0.6637144895781373,576000000.0,1,0.07464509216150218
179,25.904824389999998,1.463588605151518,0.44663711332596456,0.2686096061881515,0.06445904100000001,0.00030394794609989753,2.9649838268754436e-05,0.0001199994256429508,0.41487078593055693,704000000.0,1,0.05669592816949212
180,25.904824389999998,1.463588605151518,0.37526506153639816,0.08756813515205117,0.0036085959999999995,5.628665668516621e-06,-4.426556841891398e-18,8.096720798138414e-06,0.24144210102765734,64000000.0,1,0.008185480633093985
181,27.88815622659091,1.1904251553787866,0.22653224587159443,0.3894801337838796,0.53104581,0.05638797266719951,0.00020163014299110564,7.291723409279712e-06,0.006456286699635198,1856000000.0,1,0.09198066912608029
182,27.88815622659091,1.1904251553787866,0.3717130370172049,0.21784423992793725,0.056346961,0.004986997782305726,2.10348940939576e-05,-0.0001277932479860605,0.001840028249260861,512000000.0,1,0.0004841557564135695
183,26.820389501136358,1.3166091353030396,0.012597377928446982,0.04145276757060901,0.016035718,0.0002138892954036316,8.665886519990762e-18,-1.2192258065260438e-05,0.0016597323549840423,64000000.0,1,0.007103913519147841
184,26.824763282348485,1.320024984393939,0.009829212035912591,0.027325666961965346,0.029278644000000003,0.0007092118742330943,-9.359358212283362e-18,-1.2425115265938955e-05,0.013211267570998162,192000000.0,1,0.006462504027433362
185,27.628044217121214,1.054750701287876,0.1273759836504786,0.44206835944928613,0.19244208599999998,0.02480552960115275,1.8107110415610328e-05,-8.226731553478076e-06,0.14671481995887325,3328000000.0,1,0.06664938391243347
186,27.925281797954543,1.1621964501515158,0.02878365772091158,0.018562579547343406,0.028365296999999998,0.0056849523252017874,6.327987264089376e-09,2.2760639592228954e-05,5.4996780044291455e-05,384000000.0,1,0.04285812501194179
187,27.757115456060607,1.1853603428787949,0.23408180686775978,0.21933756317414072,0.33089243900000004,0.028261530321621955,0.0003219380247486192,5.5636198223061765e-05,0.01120864233467722,3648000000.0,1,0.09885845980620077
188,28.106215170606063,1.1716214172727248,0.1929722668301105,0.007235442868846411,0.013261232000000001,0.0,0.000828905803584812,-9.892647961709666e-07,0.0012615720771644745,640000000.0,1,0.07289279358602954
189,28.071318689090912,1.1631100131818144,0.7075711751593744,0.005481892834761276,0.001217103,0.0,0.0010880768567841312,6.037739938383294e-08,0.0,64000000.0,1,0.07659117398893626
190,28.071318689090912,1.1631100131818144,0.475032340994754,0.6907020807119478,0.13428854099999998,0.02501941889655638,6.7703955704722906e-06,-0.00012665158813347893,0.0013201796570267304,896000000.0,1,0.0006851315870150629
191,26.722236501212116,1.3205726518939471,0.07021727036280132,0.007760329115995106,0.003186951,0.0,4.691869807646668e-18,-1.3080906992707387e-06,0.021865413054672003,64000000.0,1,0.02468228859650025
192,28.138785856590914,1.1740191398484825,0.2515348210387576,0.08957253040971237,0.13498886499999999,0.014468485100921974,0.0009340104153692251,-3.190254552735621e-05,2.1253604880669232e-05,1024000000.0,1,0.06458099027380385
193,28.071318689090912,1.1631100131818144,0.35888538251986185,0.05585117536512309,0.05990464100000001,0.0,0.002093928888901158,1.1323890784637191e-05,0.0,64000000.0,1,0.0819523011437489
194,28.106215170606063,1.1716214172727248,0.14342111267204197,0.041519583569995945,0.12351319599999999,0.003197082099717441,0.0016289650287979688,1.032928899885776e-06,5.748373639364008e-05,320000000.0,1,0.0774134065614409
195,28.08140331075758,1.1657628500757546,0.2944407746674998,0.16952972983884546,0.216885722,0.0020544629690085665,0.0014720714295147084,2.3253288203308997e-06,0.00185640620455412,1024000000.0,1,0.07520438918114403
196,28.126364268560607,1.1507752366666644,0.45994833832808424,0.08246145557728833,0.086831491,0.0,0.00261113379650581,-3.242985104062429e-07,0.0,256000000.0,1,0.07751763897676373
197,26.8835822705303,1.32513800318182,0.0705247017010059,0.3137376296678023,0.06712669299999999,0.00921412569936171,-5.305576907154951e-18,-6.305150829124356e-05,0.02841388298392713,128000000.0,1,0.0010336874892175202
198,28.118542157196966,1.072288474166669,0.0011657994033458248,0.0018290058440271774,0.051037940000000004,0.004660535173531762,1.3749497133885908e-08,-1.727307987222499e-05,0.0,640000000.0,1,0.05577353004108125
199,26.891339715681816,1.3227558853787897,0.2644195920016125,0.9075222530683649,0.08657490100000001,0.0013086647679301144,5.5761111432624844e-18,-1.4772408527269561e-05,0.005361588574037179,256000000.0,1,0.0023555146101197364
200,27.459783749242423,1.1066027534848537,0.28487860569600676,0.5011436439626441,0.19496936199999998,0.02132419988517522,4.162165285162061e-05,2.260387485713453e-05,0.4067351002564188,960000000.0,1,0.08606642800470501
201,28.106705506060607,1.1681058131060595,0.14273916265034337,0.1561509381488013,0.4460590829999999,0.04346737062511961,0.0012350829572153762,1.5022009882514736e-05,0.0017858105133574875,2240000000.0,1,0.07651496861461651
202,28.106705506060607,1.1681058131060595,0.5991164786685478,0.008732860373586074,0.001837873,0.0,7.329295349567569e-05,-5.343331185226574e-06,0.0017411431584228071,64000000.0,1,0.07053460713024726
203,28.277473037272728,1.1567470976515182,0.07216546961525484,0.09480868365398112,0.413014703,0.019016446961083403,0.0009775263415917831,-0.00026755197516339566,9.176428762634148e-05,512000000.0,1,0.05519168747147062
204,28.277473037272728,1.1567470976515182,0.8841124354050239,0.11260591999420698,0.042382166,0.002364039580776981,0.0020533310091855627,-1.4854342575574269e-05,0.0,192000000.0,1,0.07039114867737806
205,28.123995875454547,1.055834254393936,0.1458586636768921,0.20871396454082358,0.082964561,0.0103623734957391,4.769527753993797e-07,-2.814263750307288e-05,0.0,448000000.0,1,0.06072822470174545
206,28.144414278333333,1.081875832196971,0.0010872833370494262,0.0004490178811492774,0.027591703999999998,0.013069761682295594,2.2031691049720155e-08,-6.149337161179143e-08,0.0,1024000000.0,1,0.056361748702643086
207,26.93828207886364,1.3247517051515096,0.10055538694150902,0.23883991977272753,0.021999617,0.0005966385608627619,-1.1446248495346938e-17,-1.994833460345337e-05,0.013804694872642558,128000000.0,1,0.0010473055267898445
208,26.93828207886364,1.3247517051515096,0.6666464202575907,0.029476083434990724,0.019460241000000003,0.0,0.0024177008072233273,3.293774062802724e-05,0.3333535797424091,256000000.0,1,0.03217292056910711
209,28.12634134159091,1.1183178248484857,0.45287306135629757,0.43447392115093747,0.104608121,0.0102948295077169,5.8332059596324596e-05,-2.451023000139256e-05,0.00480808750976418,960000000.0,1,0.059926389438579815
210,28.246287307954546,1.1511124381060576,0.18529382367008448,0.5381487920374636,1.4301340150000001,0.03561256768470466,0.0010176973776925048,-0.0001043693917357235,0.0015141511056220838,3136000000.0,1,0.046769053546206245
211,28.446687890681822,1.1175065144696923,0.405779879637105,0.5967366821373906,0.11752874499999999,0.006287219551733066,3.0049193251082034e-05,-5.977933069245103e-05,0.0,896000000.0,1,0.04794968883092995
212,28.320269301742425,1.12829415689394,0.3116540937003901,0.36196922854917785,0.081259,0.04409778117999347,6.2459099821224e-05,-5.601786316926955e-05,0.0004824081024871091,1152000000.0,1,0.04649702149798194
213,28.320269301742425,1.12829415689394,0.08450998481489341,0.17002063812275317,0.16552600299999998,0.00867940246085263,5.755841569798486e-05,-6.908614061826263e-05,0.000560032854777506,1792000000.0,1,0.02839440412055748
214,28.316688595000002,1.1478006050757585,0.08441701512874866,0.5327433017162102,1.086888702,0.028897569542164332,0.00036942408690958075,-0.000335060267074883,0.00013516287337394736,1216000000.0,1,0.04749565729296075
215,28.413610995,1.130652094393941,0.2259809934591392,0.47943048585035775,0.179671305,0.008046177573144509,0.00014589508000582333,-8.916403488167264e-05,0.0,1088000000.0,1,0.01614130567162324
216,28.413610995,1.130652094393941,0.13775103029635893,0.04117461632044249,0.029906201,1.1257331337033242e-05,4.3174583686012314e-05,-0.00010367599491484924,0.0,384000000.0,1,0.0008076429452833439
217,27.67918888060606,1.1072261721969738,0.10498076870844762,0.029568112934537455,0.027355677,0.002057277301842825,3.869529744630704e-05,-3.6908573523630286e-06,0.06505629526185736,832000000.0,1,0.060382355499045665
218,27.67918888060606,1.1072261721969738,0.05052804536720609,0.03089141014482386,0.079104188,0.013368080962726975,2.143543587131508e-06,0.00012805538482614162,0.13631713152785283,576000000.0,1,0.1132093413494088
219,27.55114794780303,1.1007711431060585,0.43165113866345783,0.4075923889941431,0.085616825,0.007604327318165955,3.655782664162324e-05,1.7389628370919702e-05,0.21529621076231217,832000000.0,1,0.07214579439360028
220,27.55114794780303,1.1007711431060585,0.055091273134049906,0.009359167950403329,0.018320506,0.0010863324740237078,2.0864042175150866e-05,-2.6762252540306696e-06,0.07803316131115592,768000000.0,1,0.06409498595505232
221,28.184900124469696,1.1546697555303034,0.052743836731351974,0.00794672131011594,0.016805774,0.0023696682464454974,0.00043504624049259125,-6.608558040361546e-06,0.0,640000000.0,1,0.0709974465120331
222,27.451645564621217,1.0863341706818126,0.325626571840382,0.13363833605447165,0.03684773,0.002127635622699283,1.084890922006897e-05,8.445456858100062e-06,0.1577573978098515,768000000.0,1,0.0796046881179084
223,28.134162340530303,1.0544935263636361,0.008931276783833186,0.018344144002850428,0.105029776,0.007103376073667976,3.4891281450008006e-06,1.5884352675806262e-05,0.0,448000000.0,1,0.078883574117839
224,28.651848037196967,1.133344006212127,0.34530141036245376,0.6814279760966855,0.17769432200000002,0.003461629386137722,2.4122255388048742e-05,-6.559812364438593e-05,0.0,1280000000.0,1,0.0019932000232402965
225,28.651848037196967,1.133344006212127,0.25823495557940207,0.17255160112613815,0.004606309,6.191532235368283e-05,2.5158472837245635e-18,-0.00019415366931607215,0.0,64000000.0,1,4.685082808994977e-05
226,28.172671432348487,1.1508560662121212,0.700000466949498,0.9437549278238382,0.138987193,0.011465591966768357,4.602304375152723e-05,-2.335928623098286e-05,0.0003371533663536898,960000000.0,1,0.056794314453670953
227,27.461359165984845,1.0821676978030368,0.14573330097432177,0.32518241245075197,0.100213197,0.029910729362497324,3.5582775344830514e-06,-1.6488247241300072e-07,0.15812338568542025,1216000000.0,1,0.09926918912784158
228,27.11370512136364,1.3150816524999946,0.0,0.0,5.62e-06,0.0,-5.912358360755427e-18,-6.1148483294720425e-09,0.0,64000000.0,1,0.008338356429007278
229,26.500201471742425,1.2664414520454557,0.7992818421823537,0.8236508182834255,0.026926672,0.00418209859170785,6.186263115110836e-18,-6.031391241172674e-07,0.06830253660756888,832000000.0,1,0.008463891540937345
230,26.500201471742425,1.2664414520454557,0.08095674843175464,0.4146962231103421,0.17101724399999998,0.04316060834618545,1.0969695530739333e-06,0.0002233883895847187,0.9168296736205152,1472000000.0,1,0.0006245221841543121
231,28.79186515537879,1.1497968507575749,0.3318499919645074,0.10997163005789945,0.026177611,0.0,2.3551267195568123e-05,-2.0046703344987636e-05,0.0,704000000.0,1,0.09158699147883761
232,28.162638642727277,1.0585779527272727,0.061469172500097195,0.20251465606999822,0.251023389,0.02635341265999482,2.3979120787397528e-06,-5.965258596544314e-05,0.0,832000000.0,1,0.06045548142818487
233,28.162638642727277,1.0585779527272727,0.02266633495640945,0.0112913136816354,0.024824878,1.6885997005549864e-05,1.2803200677197399e-06,-1.9915244236550717e-05,0.015912464907179,640000000.0,1,0.09456380188370797
234,27.58479099757576,1.068600561742425,0.054841288657804334,0.0031562649434746875,0.0027205050000000007,0.0,9.774987830106405e-07,1.4143381130433877e-05,0.1887278281054436,64000000.0,1,0.03155773399723186
235,28.77912022212121,1.1391527831060628,0.4641211514475655,0.8037902000394572,0.24527647499999997,0.02147335952539091,1.7558193468466616e-05,-0.00011647760110054597,0.0,1728000000.0,1,0.001561114160035227
236,28.832130398636362,1.142094510984851,0.8413725092777957,0.5298808931362102,0.04218405000000001,5.628665668516621e-06,5.636857647427284e-06,-1.3087665668132497e-05,0.0,896000000.0,1,0.05239960818863713
237,28.832130398636362,1.142094510984851,0.1922045972602892,0.019574670921558734,0.002518587,0.0,3.1198007884939698e-06,-3.610937902079743e-05,0.0,64000000.0,1,0.08881574522865435
238,27.53329749901515,1.0226360773484835,0.08086090274355318,0.3010237347394348,0.073328887,0.01319359232700296,8.018926938528978e-07,4.1435942497819026e-05,0.019190199900347597,640000000.0,1,0.11769208065863929
239,27.53329749901515,1.0226360773484835,0.5039923608155648,0.23730753502711288,0.055290719,0.0033856423996127477,0.0004735526470373126,6.194791730717737e-05,0.45793880886229754,640000000.0,1,0.07572633084542715
240,28.156031404696968,1.1100958243939445,0.02698082871617963,0.12832162866308128,0.253769077,0.059677927750447474,0.0002867720250961044,-7.457018216950147e-05,0.0038168677265591343,448000000.0,1,0.03680810424382188
241,28.156031404696968,1.1100958243939445,0.7604166551914143,0.5589626594247297,0.10711456600000001,0.02848667694836262,7.574781482167487e-05,-1.4920125501697852e-07,0.009655194793955473,2496000000.0,1,0.07489016015210155
242,28.156031404696968,1.1100958243939445,0.49272419028564085,0.007653863049753711,0.0011295650000000001,0.0,9.81044590181052e-06,-1.1870237523884148e-06,0.0,128000000.0,1,0.07735618421243151
243,28.17942795098485,1.068938938106058,0.50844550769855,0.029071253430452738,0.0038891089999999995,0.0,1.1418644980811452e-05,-1.0648690549116067e-06,0.06876999333266309,320000000.0,1,0.07734870358341892
244,28.17942795098485,1.068938938106058,0.37149171449619117,0.3040352916799242,0.02964696,5.628665668516621e-06,6.466125750621896e-06,-8.841475718941254e-06,0.04560231470612839,576000000.0,1,0.07284517750557883
245,28.17942795098485,1.068938938106058,0.1964201912715087,0.11679693159078698,0.09848732899999998,0.02608886537357454,1.4748543373617816e-05,-4.532792173894404e-06,0.0,1408000000.0,1,0.0663758162915155
246,28.17942795098485,1.068938938106058,0.6884062165009257,0.3316204164920334,0.06513799399999999,0.0010356744830070583,0.00028364810347230397,-1.90773931693329e-05,0.000598575387507328,640000000.0,1,0.06625859474771895
247,28.21054210515151,1.1277107356060725,0.2831194783636922,0.03167790414074334,0.01063883,0.0,0.0003335040182781873,-3.117322089990874e-05,0.023278029632957758,64000000.0,1,0.08405110573949373
248,27.856405746818186,1.0848361172727223,0.3299866294384462,0.338879458247959,0.07690402499999999,0.003107023449021175,6.140862657505823e-05,2.490478483468528e-06,0.0004461404978478046,832000000.0,1,0.08123053684621287
249,27.879419315151516,1.056779717272729,0.0,0.0,0.000642573,0.0,5.2312254545466685e-06,-2.5715377220960307e-08,0.17161785509195063,128000000.0,1,0.07884687115524362
250,27.586855334242422,1.0247580944696963,0.1337570566262373,0.12991199409367393,0.037020701,5.628665668516621e-06,1.0601246536667377e-06,2.523617062152864e-05,0.0322153543229773,384000000.0,1,0.051299631926097766
251,28.166650929318177,1.0944476336363707,0.3501570060645678,0.26512889044851745,0.10147219499999999,0.0015703977215161373,6.994292771693752e-06,-8.477861139499651e-07,0.0,704000000.0,1,0.08233836592628554
252,28.166650929318177,1.0944476336363707,0.18419651939234777,0.11940830133155869,0.043057654,0.003574202699508054,0.000708412596694394,-2.253861972543272e-05,0.0009522116555630272,576000000.0,1,0.10013904636497042
253,27.797021626515154,1.0738374533333293,0.2326354152412219,0.4812472558009268,0.17726922599999997,0.004711193164548412,6.545703483068155e-05,2.0279506767082965e-05,0.00025493990705414374,576000000.0,1,0.08329587793695456
254,27.797021626515154,1.0738374533333293,0.2839008356592093,0.038823469392397045,0.007004171,0.0,6.108664442825208e-06,1.2328568171327866e-06,0.020718797413712485,256000000.0,1,0.058093454339832554
255,28.338098831893934,1.1120697068181826,0.47993987941724026,0.10779222610386206,0.004332626,0.0,9.41876127986397e-05,-6.32689243252044e-06,0.0,64000000.0,1,0.06564992371839037
256,27.997826180606065,1.0964718992424238,0.5071158285415898,0.0424576848075836,0.004892965000000001,0.0,9.123198812061626e-05,-3.534367313728364e-07,0.0,64000000.0,1,0.06592257743474172
257,27.856862505530298,1.090613768030309,0.3223703102655459,0.19535812368862,0.052510729,0.0,0.00011014712767043762,-1.3515691831322843e-06,8.969595527801567e-05,320000000.0,1,0.0970313488503997
258,27.67618687060606,1.0315105331818195,0.12978128423327762,0.2937032874977589,0.064287775,0.004108925938017133,1.4918144673432713e-07,6.507145292034233e-06,0.006398432672463777,1664000000.0,1,0.09008467203286433
259,27.67618687060606,1.0315105331818195,0.5644717300793223,0.45800529531666595,0.09811332799999999,0.0029381634789656763,0.00024501780015484537,4.317232954632243e-05,0.022592007071659016,640000000.0,1,0.06661444464869275
260,28.168341854318182,1.121645113939394,0.2633045258927369,0.28100009557516187,0.058510578,0.002364039580776981,0.0021778246837346896,-2.3352329745984992e-05,2.0680021311701964e-05,384000000.0,1,0.0262589877973374
261,28.200202679772723,1.1207885125757677,0.4499760263183215,0.6902063160402407,0.077263894,0.0,0.0008934604102351323,-7.473265530866553e-06,0.0,448000000.0,1,0.053105212518146296
262,28.338098831893934,1.1120697068181826,0.4638015178731439,0.14966810787988913,0.006718347999999999,0.0,0.00032570400245432235,-7.764019699567014e-06,0.0,128000000.0,1,0.06792256409533606
263,27.911609227727276,1.093661510984841,0.0,0.0,0.00023702,0.0,0.00011885486245346914,1.3741097029676933e-07,0.0,64000000.0,1,0.06797538970324207
264,28.470364616666664,1.1224964507575805,0.24994286425556914,0.3943010283051435,0.19409916000000002,0.006225304229379383,0.000480266289101333,-0.00013691302476394245,0.0,640000000.0,1,0.026042086504067957
265,28.17133949060606,1.1212168126515216,0.17015882755407907,0.05550309273836447,0.016075863,0.0,0.002843817205977763,-7.50700316459326e-06,0.0,256000000.0,1,0.06286061927995176
266,28.050320180984844,1.099044820530306,0.29675865000802737,0.4961213904139782,0.088596912,0.002212065607727032,3.405420480035544e-05,-2.1341583848686087e-05,0.006318312764670624,960000000.0,1,0.07724435330695265
267,27.760197911666662,1.0697225969697008,0.1526892352634974,0.20285308011251152,0.106934192,0.04042507683128637,6.754329089437093e-05,1.0209896802184519e-05,0.015996052974337715,1472000000.0,1,0.07483431165751045
268,28.168369950075757,1.1045806821212096,0.24284120105284535,0.27335939180684077,0.07561072799999999,0.00016323130438698202,4.081086852004173e-05,7.345871089617741e-06,0.0,256000000.0,1,0.07528212703661562
269,28.167564225151512,1.1231377480303095,0.49552943171588815,0.8793459682301138,0.43801030999999996,0.0796315475453389,0.0012996597441476715,-1.4753579724525015e-05,0.00029727610749619117,2176000000.0,1,0.0904103147979047
270,27.85464125765152,1.0639496503030266,0.07508245852276896,0.008954547685632155,0.005807161999999999,0.0,4.288276252149056e-05,8.789317162799322e-07,0.10635935419056676,256000000.0,1,0.07883956266988228
271,27.71137241878788,1.0360062167424147,0.1834466253320648,0.6687513157847618,0.09671041899999999,0.009337956344069075,1.2625842253549782e-06,1.0431945881511958e-05,0.01589092484440586,2560000000.0,1,0.06784118647684939
272,28.129423166363633,1.0948799003787926,0.16575362766685373,0.20297370472151208,0.168789066,0.0002870619490943477,0.0004842222379082113,-3.315961174602656e-05,0.0004809553244402691,448000000.0,1,0.09514643483868884
273,27.948219547272732,1.0567942007575724,0.14750832006001588,0.508034651006457,0.276252214,0.034509349213675405,2.0028757061415556e-05,-4.9747515500794525e-06,0.005536806304111647,1856000000.0,1,0.07530810893156645
274,28.168369950075757,1.1045806821212096,0.20644385147516925,0.21766659544304484,0.10942781699999998,0.006551766838153347,4.454330562553892e-05,5.201267332272494e-06,0.0,832000000.0,1,0.04378582027928493
275,28.407280035909093,1.1078291875757529,0.11643184064437076,0.0414903453639067,0.022649817999999995,0.0,0.00032552650146161065,-1.785523623147856e-05,0.0,448000000.0,1,0.0685254780978071
276,28.129423166363633,1.0948799003787926,0.0942957587868798,0.025523605532061344,0.040195127000000004,0.0,0.0006481341612411121,-7.142749040385164e-06,0.0012300993600542671,640000000.0,1,0.08534164607104452
277,27.816252201287874,1.044946082272734,0.32134829036918233,0.3384911505150446,0.07880795,2.2514662674066484e-05,3.2661147458707664e-05,1.0727029534375499e-05,0.14001125520965843,1152000000.0,1,0.10100368183865724
278,27.59669906560606,1.0102628251515178,0.2752512857055988,0.210506213576117,0.034600456,0.005651180331190687,2.2929346927927314e-07,3.8719235017036105e-06,0.005254555026673636,1536000000.0,1,0.06857192328770315
279,28.304543922575757,1.0994565146212096,0.06574646249414622,0.02438104710843624,0.020273181999999997,0.0,0.00025927667826618645,-4.790579578071745e-05,0.0,128000000.0,1,0.07070151109333858
280,28.07656741916667,1.0810653353030268,0.4645051284591454,0.155245541819431,0.014364061,0.0,0.001071810612549463,-6.739340689167506e-06,0.00239486590874266,128000000.0,1,0.06047217670825743
281,28.22753206560606,1.094878438863642,0.29692215013425344,0.7107415549281205,0.25969736499999996,0.017854127500534722,0.0017499738606315475,-1.998939901071402e-05,3.524487050532839e-05,1344000000.0,1,0.07555421344594056
282,27.968281037196963,1.07988837166668,0.3271042988315317,0.6056606328775537,0.08141898500000001,0.0036304893561932205,2.785093713070706e-05,-1.6526035393372888e-05,0.00461014098861586,576000000.0,1,0.07711242119902384
283,27.761063976742424,1.033749857803027,0.13092386971404485,0.023645799625325647,0.015193256999999998,0.0016266843782013034,4.993806576146052e-07,3.585806726774496e-07,0.0,1024000000.0,1,0.07089064692198765
284,27.967457086742424,1.0708355853030298,0.18224295700301504,0.008853541960449358,0.0034715690000000003,0.0,0.00265961081220541,-9.293516331876205e-07,0.0,128000000.0,1,0.0690827451756919
285,27.72220317416667,1.0130588763636368,0.12521630173514123,0.008238637829873384,0.009624865,0.0,1.3503305249137832e-06,-1.230001760726471e-07,0.0,128000000.0,1,0.10742897113684487
286,27.557619230530303,0.9954135824242414,0.07098707916395657,0.02209538438370153,0.012454999000000001,0.014673931397822831,1.5289015763090754e-07,5.586332465663615e-06,0.017402088912251215,704000000.0,1,0.05047664913838314
287,28.138349829621212,1.113353898030308,0.0017283255210248129,0.00025737714084492615,0.016837105999999998,0.0,0.0001025708246990079,4.043333537653508e-06,0.00011581562769753901,128000000.0,1,0.048052756567937074
288,28.208126449015143,1.1255188541666712,0.10628031935795575,0.08736538278590354,0.18661592400000002,0.0026342155328657785,2.6384177038848906e-05,-1.339140931895925e-06,0.0,832000000.0,1,0.07355056756630732
289,28.022606713484848,1.0996082281060637,0.43682745564170533,0.17953066206083867,0.034383141,0.0003489772714480305,0.00045084974435320203,-1.0531358506598065e-05,0.03364785666324087,192000000.0,1,0.05088939316220829
290,28.208126449015143,1.1255188541666712,0.24011242445450762,0.9297790307759257,0.920527126,0.0005234659071720458,5.219922076725304e-06,-6.050993728719093e-06,0.0,576000000.0,1,0.048058210704315624
291,28.191891071515148,1.1152428438636406,0.04763080548587242,0.018313804941950042,0.09249329200000002,0.004072339611171775,5.62882723668365e-05,3.0973005402981304e-06,0.0,1408000000.0,1,0.05860873832681075
292,28.188028028409086,1.1123008687121327,0.38183005680154125,0.10367073705888064,0.094351137,0.012765813736195697,0.00019440875091642488,1.341192458227065e-06,0.0,960000000.0,1,0.07920810398981981
293,27.822142786742425,1.0247582382575757,0.2747282547425495,0.9244998511441923,0.341192063,0.11233409507942047,2.0495077059299647e-07,-2.059350630816168e-05,5.422165989834295e-05,1152000000.0,1,0.09444953430892516
294,27.7672267305303,1.0166533353030331,0.18703019950495958,0.2962137520552206,0.063595612,0.015400029269061475,7.615805616057207e-07,-1.14870723591429e-05,0.0,960000000.0,1,0.10001813451774103
295,27.68890363719697,1.0064897141666656,0.3970186994124588,0.5385258983214332,0.04225015100000001,0.0030901374520156248,1.1822113892390592e-07,-8.541686940913733e-07,0.00028378596800754624,896000000.0,1,0.07478925966312192
296,28.226722316818186,1.1348823493181754,0.14126211956398033,0.13089132724358016,0.162768335,0.0012889644380903063,6.166490554452294e-05,4.081349439119857e-06,0.0,896000000.0,1,0.049784590341652835
297,28.1162757475,1.1006933753030275,0.11957967391738461,0.0619738458669595,0.010966914,0.0,0.00022406999814077497,-2.8870043780859732e-05,0.0004896546102212528,64000000.0,1,0.08251043744474695
298,28.078636215984844,1.0950055120454607,0.3383976319896753,0.6013442848414279,0.14422470899999998,0.02402314507322894,0.00013595601212260412,-2.0539292974739983e-05,0.017354453459150335,1024000000.0,1,0.04583130607340222
299,28.258033898484847,1.1321230562878775,0.0814633167397937,0.043923883849295485,0.14555263000000002,0.0050432844389908926,0.00020515701986485483,1.1640806132763567e-05,0.0,768000000.0,1,0.1112686153022211
300,27.78646019560606,1.014042897651514,0.5386406228121556,0.07486375135989386,0.008148717,0.0,6.188699650058292e-07,-3.591968496476543e-06,0.0,256000000.0,1,0.06828981017643221
301,27.743498739924238,1.014168467424252,0.011773134556085748,0.04785430121919549,0.03250808,0.00016885997005549862,6.872449318767439e-08,1.4124101822866506e-05,0.0,256000000.0,1,0.07695289351822247
302,28.222278585000005,1.0713665318181818,0.44289534361396826,0.6023034075533081,0.20033671899999997,0.009754477603539305,0.018746405223527034,5.1097194626845805e-06,0.0,1728000000.0,1,0.08991635582037114
303,27.743498739924238,1.014168467424252,0.03112364302515919,0.06726305481659339,0.015967410999999997,0.0,1.1529904388218737e-07,1.5233850232711299e-05,0.0,128000000.0,1,0.08371117655883076
304,27.80157152083333,1.0148943647727329,0.28565450847412677,0.7549470767691879,0.135139824,0.011386790647409124,3.2021845712221887e-07,8.232383851841426e-08,0.0,1792000000.0,1,0.038953261254745075
305,28.575860581666664,1.1535257184090923,0.4381359024971406,0.8669257844151588,0.36708929600000006,4.502932534813297e-05,1.3695459654848145e-05,-4.10923806267623e-05,0.0,896000000.0,1,0.05476970050890945
306,28.361487984696968,1.1425546188636382,0.12040909093132715,0.548779823893599,1.263293318,0.012017201202282985,6.823823159738731e-05,-0.0006937701504250098,0.0,64000000.0,1,0.1165464946466579
307,28.39286131568182,1.109389346515151,0.010587575812378179,0.00021542750280986972,0.007216005,0.002364039580776981,0.0010845503273162302,-7.069129248261553e-06,0.0,64000000.0,1,0.06442863780630154
308,28.37951252181818,1.0917584972727354,0.3479358738476966,0.05518576371949217,0.047085687999999994,0.0004784365818239128,0.003144330641899657,-2.2330410619881108e-06,0.0,896000000.0,1,0.07017693571103069
309,28.357614989166667,1.0741276695454616,0.10266364371179308,0.01600446243779034,0.038103557,0.0,0.003290595773431353,-5.14295944457155e-06,0.0,384000000.0,1,0.060573347532271504
310,28.282005613484852,1.0755460554545415,0.8876699870155006,0.047081133943381294,0.002660865,0.0,0.0014323451486718906,-3.2653012276689846e-07,0.0,64000000.0,1,0.06596162855969782
311,28.282005613484852,1.0755460554545415,0.0,0.0,0.000265949,0.0,0.000741380896358094,-1.2326389206012392e-07,0.0,128000000.0,1,0.03625626553229175
312,28.23016486863636,1.1103495209090966,0.0,0.0,0.0014566190000000001,0.0,0.0020437570512811505,2.02417073605719e-08,0.0,128000000.0,1,0.03568999624100894
313,28.23016486863636,1.1103495209090966,0.05267344011374948,0.2141379605907914,0.772351301,0.008459884499780482,0.1011936933588715,-1.2886070300787346e-05,3.6641357324521416e-05,1216000000.0,1,0.01737224358169644
314,28.188263495303033,1.109216098787872,0.15663523522838435,0.006981969082333854,0.00847453,0.0,0.05014045858027319,-7.875357790730858e-07,0.0007826982735325735,192000000.0,1,0.05788540736380425
315,27.89866429287879,1.0209705849242425,0.2897859077605319,0.026121066698805335,0.006654981999999999,0.0,2.760276521585198e-06,-1.376451887100237e-06,0.0,256000000.0,1,0.05868742853444686
316,27.832458753484847,1.0195580786363685,0.03692958166311336,0.03550889932682603,0.017216793999999997,0.0015535117245105874,1.4813553663996352e-07,1.727665450947658e-06,0.0,448000000.0,1,0.03215521360488596
317,28.225383727272728,1.109816955151512,0.010349040544600148,0.006693450169376403,0.190212802,0.0067712847992254955,0.17836269015065384,-2.5127700005754616e-05,0.00025229637277516154,256000000.0,1,0.019773689316740797
318,28.161326794848488,1.105664090378788,0.4157682917312344,0.014200373460825009,0.00627893,0.0,0.03103041934831571,-1.3254348618372509e-07,0.0024244576703355506,256000000.0,1,0.054692116911647624
319,27.916292031969693,1.0502765412878787,0.008032865897041611,0.0012861947737195865,0.00958562,0.0001069446477018158,4.5307506959189104e-05,-2.3493760147314705e-06,0.0,256000000.0,1,0.02778937097204339
320,28.177080016515152,1.1049214365909066,0.09264812924839098,0.029696597148988393,0.082986565,0.0006247818892053449,0.10562071325821176,5.003819828907593e-07,0.0013049100176637026,384000000.0,1,0.008609988151364451
321,28.25776273568182,1.106496778863633,0.015146281610494668,0.004228813974586874,0.07445853899999999,0.0,0.17599496372001106,-4.167984632682442e-05,2.202568062744288e-05,128000000.0,1,0.017927899524624057
322,28.177080016515152,1.1049214365909066,0.07561124959797105,0.0013714627490800635,0.005434932,0.0,0.12830256900027728,-4.450246203752645e-08,0.003817895053700764,448000000.0,1,0.05197720529862092
323,27.901079517727272,1.0339752817424284,0.12512657589159884,0.010500971146726044,0.0017242619999999998,0.0,1.1234652851545302e-05,-1.1236239938569543e-06,0.0,192000000.0,1,0.055105964309099975
324,27.877976013939392,1.0290275356818164,0.607412959298013,0.3320982091792612,0.026265326999999998,1.1257331337033242e-05,8.98471511973225e-07,-3.369456603576048e-07,0.0,704000000.0,1,0.02887689038622999
325,28.242365524090907,1.103460632121216,0.024350759011177673,0.01734447556084296,0.151663445,0.0017561436885771857,0.11904822887860088,-5.592334119411307e-05,7.186965850604277e-05,128000000.0,1,0.0968607511835625
326,27.901079517727272,1.0339752817424284,0.07029059904747938,0.0026957421919525516,0.0010840709999999998,0.0,1.5738837127298078e-05,-9.676996525062035e-07,0.0,64000000.0,1,0.029455070475137755
327,28.174101983939387,1.0927708337121267,0.1245382442919718,0.08216006440286694,0.210442986,0.0438050905652306,0.22475296289309638,5.432584254284218e-06,0.005335198009402889,640000000.0,1,0.009421001766473208
328,28.25024246537879,1.0964097767424192,0.08001697850341485,0.002487688184524227,0.007178489000000001,0.0,0.15564349212472645,-3.4265075719635027e-06,6.979184616706942e-05,128000000.0,1,0.02292787373457543
329,28.21420492613636,1.0953184944696979,0.04342047201734622,0.19682782492688072,0.9017152089999999,0.052746225979669256,0.1251385934850626,-1.889822176367576e-05,0.0018613393488852643,1152000000.0,1,0.01787997369949611
330,28.21759133704545,1.084138438257579,0.08527271660656001,0.05812026966699491,0.172116013,0.0122254618320181,0.1953677056249576,-1.4196586044876794e-05,0.002419083458550716,256000000.0,1,0.08631834089925677
331,27.918414852272733,1.0283805812878697,0.010285506683703234,0.00422798434792936,0.009061294,0.002656730195539845,2.4853546307447147e-05,-4.2632509601913435e-07,0.0,256000000.0,1,0.04818151349364067
332,27.874046615378788,1.0268179349242423,0.5685571477818063,0.869928901619883,0.09732354999999998,0.030518625254697118,2.4500940613217946e-06,-3.7672022347037546e-07,0.0,1088000000.0,1,0.020192233052360096
333,28.214767362575756,1.0744175827272748,0.08510998738384362,0.07756336033181045,0.313186511,0.012824914725715121,0.28216334011155403,-8.771656579065945e-06,0.0041190215883850755,1280000000.0,1,0.04665364347187807
334,28.054521344621207,1.0573722681060644,0.11666901255040776,0.09367059898988486,0.04506475099999999,0.07723092163771655,0.0024852620987405355,-1.2079846757658854e-05,0.3228474068346678,768000000.0,1,0.02386595292360883
335,28.241809024469696,1.0759022963636333,0.11733252527191125,0.20684746386354302,0.46681599900000004,0.03669327149305985,0.174306556460771,-2.8198819391509498e-05,0.0003239134912340483,1216000000.0,1,0.04307569091695625
336,28.090095042651516,1.0516444019696962,0.0007210016240994031,0.005256462813901418,0.22551821600000002,0.04980524816786932,0.009833781888371487,-5.6594186548690665e-06,0.04408117080883612,1344000000.0,1,0.05133440072733962
337,27.93559960734849,1.0240740384848408,0.0,0.0,5.51e-06,0.0,6.87434708422102e-05,-1.1357249624266954e-08,0.0,64000000.0,1,0.028144664459657513
338,28.203554810454538,1.0661558832575864,0.09843884746136371,0.12620031434260615,0.5032078419999999,0.01370861523567223,0.36175988460494085,-1.1767338555610281e-05,0.0031463023185556802,1408000000.0,1,0.02416023677286737
339,28.15094389060606,1.0476426714393945,0.1094186355240297,0.019647281038783306,0.055731183000000004,0.0,0.4341613667010339,3.5506733034597627e-06,0.0037665627876587505,256000000.0,1,0.060871818665242536
340,27.90102191575758,1.022791662272727,0.06299418581622566,0.059335740690258126,0.022469533999999996,0.004998255113642759,5.518435562051103e-05,-1.384686559574847e-06,0.0,896000000.0,1,0.04230387073988297
341,28.034653106893938,1.037503754242426,0.013302232000531286,0.0013577935997380838,0.020538884,0.008465513165448997,0.020216218199886827,4.109077938051766e-06,0.2608386609515882,320000000.0,1,0.026147567832817707
342,28.13267934325758,1.0451260589393883,0.10314253724244563,0.08318217663559613,0.15006902499999997,0.00937735700374869,0.2566425713022434,7.258812338302966e-06,0.007981793711260537,896000000.0,1,0.027628846166823103
343,28.139406595833336,1.037407747575756,0.10331527633548561,0.033962422786388294,0.070767947,5.628665668516621e-05,0.3105212530980133,1.7999001463765976e-05,0.004569808984284934,128000000.0,1,0.03907622353774725
344,28.093334728787877,1.0332504631060608,4.376838126506547e-05,9.3528426555692e-05,0.06443007299999999,0.01812430345262352,0.007994318290903137,6.821636606720087e-06,0.12324277515563271,640000000.0,1,0.02518417227608208
345,28.139406595833336,1.037407747575756,0.17910140597186863,0.002058228065388876,0.0023420809999999998,0.0,0.2907707255498569,1.4787814144406207e-06,0.005875117043347348,64000000.0,1,0.02758073672281147
346,28.13043630242424,1.0359178530303055,0.15694728004990424,0.04170747927169881,0.045410153,0.0,0.2470784675390486,1.8057819721740403e-05,0.011949133930467048,192000000.0,1,0.06278138080667794
347,27.832614602196973,1.0196817649999943,0.6567807155300398,0.01846897251710517,0.0006991739999999999,0.0081615652193491,4.216091224692932e-06,2.0216846330337647e-08,0.0,832000000.0,1,0.021355135104917947
348,28.161503315227275,1.034193300909088,0.47186846051401554,0.0781565057180195,0.012399196999999999,0.0,0.09056821265104975,5.635195546203722e-07,0.0012968581755737894,448000000.0,1,0.03648425880865809
349,27.93537726818182,1.016921207499994,0.024636878912858737,0.0021815248683939893,0.0019239449999999998,0.001812430345262352,5.9216879715615624e-05,-4.101798878557514e-07,0.0,512000000.0,1,0.017779069917382623
350,28.165487246363636,1.027757377272728,0.4149788466426321,0.0479856880155978,0.008159934,0.0,0.042435617308166446,-5.327056175647522e-08,0.002709580739255979,128000000.0,1,0.03025502382646047
351,28.109329113181822,1.0210831303787913,0.0010998357996438812,0.0004485595613654581,0.017548074,0.006534880841147797,0.003176541142305302,2.8106009975575314e-06,0.08093982279764719,384000000.0,1,0.023301304560489275
352,28.17215819318182,1.023088090530301,0.22993966961460996,0.17883305014364956,0.062808649,0.0,0.013611638816780272,3.838356653273532e-06,0.0028614848888088647,640000000.0,1,0.03514590788295713
353,28.10043094787879,1.0214653237121176,0.0002694333638794081,9.700390514374464e-05,0.012953109999999999,0.003416600060789589,0.0022343541576864867,1.1844920382499419e-05,0.10316163454182048,128000000.0,1,0.09149346168150183
354,27.10934817022727,1.0316419401515198,0.00020797496988399295,0.0003577900738299817,0.073085718,0.011820197903884904,0.006378004832517598,3.656799428257225e-05,0.20911684824660273,832000000.0,1,0.010938807307981276
355,27.904034296666666,1.0121892806818202,0.001450606496225552,0.0018083035036508266,0.029780647,0.0008499285159460098,6.314092533085642e-05,-3.1630295471577495e-06,0.0,640000000.0,1,0.0002971402401973673
356,27.904034296666666,1.0121892806818202,0.9441517574062331,0.290946537735927,0.00674972,0.0,0.0024401223653556185,-4.137635583643491e-06,0.0,64000000.0,1,0.02177703230873439
357,28.139169001666666,1.021430769318183,0.2935840269622512,0.17124308720214831,0.054347984,5.628665668516621e-06,0.015367256358820343,1.141215531172316e-05,0.006709779704064092,128000000.0,1,0.20843709343512737
358,26.384542956742425,1.05732157742424,0.26367902073654254,0.019350000972924067,0.0028926230000000004,0.0,0.01337471569388517,2.283976482766484e-05,0.6059016332235483,64000000.0,1,0.04920057713404784
359,26.384542956742425,1.05732157742424,0.9499847091757163,0.8739622900737836,0.048372147000000004,0.0,0.0013898185206401127,7.704072505507021e-06,0.04908913801159166,128000000.0,1,0.021418618057481166
360,28.1516908455303,1.020808106969696,0.19013545205906618,0.24607567805438016,0.096205625,2.2514662674066484e-05,0.0072382863320254644,9.438413986272563e-06,0.009939086202080179,192000000.0,1,0.006427915796344503
361,28.12200303219697,1.0222252213636338,0.07666597023561768,0.03157704361922529,0.033188258,0.004260899911067082,0.019357774427458868,1.8057408057404908e-06,0.04808685650207975,256000000.0,1,0.06593279142545702
362,27.560139359848485,1.0263664235605994,0.24818071985895016,0.3920754794269777,0.09201963799999999,0.0022458376017381316,0.0010030170062983105,-1.8942242842415882e-06,0.2122243515020131,1408000000.0,1,0.01587429356815747
363,27.662371032196972,1.023662863636364,0.28042321811486537,0.28336998154345516,0.04135427900000001,1.6885997005549864e-05,0.00015638042994308452,-1.1896403713741803e-05,0.13688687451182496,960000000.0,1,0.021250527601994577
364,27.906315251742424,1.0105481901515176,0.03039080420113043,0.04103773821071241,0.025621961,0.006450450856120048,4.8476190683293775e-05,-1.7643080725051906e-06,0.0,960000000.0,1,0.01199158524807653
365,27.906315251742424,1.0105481901515176,0.08121427623296018,0.07142978999534665,0.011187405000000001,0.0,0.000692211443887536,-6.892844904353039e-06,0.1073489339127349,512000000.0,1,0.038750523401044804
366,27.57251090015151,1.011342030303041,0.30138589400514015,0.6152948178702082,0.152772578,0.0014803390708198712,6.532475933886341e-05,-2.728024597592278e-05,0.027242068272226187,704000000.0,1,0.07680846928657503
367,27.24348110825758,0.9948382915909022,1.0,9.71723997734717e-06,1e-06,0.0,0.00020765264832259205,0.0,0.0,64000000.0,1,0.05477829786808994
368,27.24348110825758,0.9948382915909022,0.20880141024830662,0.0043131247171133685,0.001566249,0.0,8.042290792842156e-05,-1.267443884155624e-06,0.02132483404618295,192000000.0,1,0.0252175874012159
369,27.24348110825758,0.9948382915909022,0.12157362273383357,0.22702959222611832,0.031275781,0.0,0.0033697349235362406,-1.3319823533490372e-05,0.16883965263729145,128000000.0,1,0.043163106843545934
370,28.04800245075757,1.0266508528030371,0.8905944849245087,0.9575784097292072,0.0032924300000000003,0.0,1.5013518219968095e-06,-5.419619089150415e-07,0.012513553818911866,192000000.0,1,0.05470316926857931
371,27.46089551984849,1.0056841690151472,0.412076798041358,0.9333961297711683,0.495647901,0.03825522621607322,4.4335372869629725e-05,-2.0364652864817058e-05,0.004337078792551973,1280000000.0,1,0.09444836378413524
372,27.30244128931818,0.9971191364393981,0.24667055457014994,0.11434298724923589,0.0330941,0.016964798324909096,3.599321828787109e-05,-1.4346016484711145e-06,0.029862029787786945,384000000.0,1,0.04397860074642443
373,26.960539391439394,0.9899895307575797,0.3594211814712678,0.008096292654161725,0.00232439,0.0,6.828175579367842e-05,-1.304838442072038e-06,0.006100525299110734,192000000.0,1,0.043978269241227295
374,27.390051867803034,0.9905146639393934,0.5888109815094634,0.0040834361728068645,0.00024288100000000002,0.004317186567752249,0.00010914184472831379,6.403969812897597e-08,0.00984020981468291,256000000.0,1,0.03481346745084741
375,27.390051867803034,0.9905146639393934,0.5758220440229677,0.25578017600667324,0.029011219999999997,0.0,0.031174297842521455,7.740038846526585e-06,0.10617709286269245,512000000.0,1,0.028705986057115822
376,26.623400149848486,0.9809254587878762,0.0,0.0,4.26e-06,0.0,8.174859927249524e-05,-2.5460859440683532e-08,0.0,64000000.0,1,0.04999643225941837
377,27.867978857954544,1.0111947478030352,0.08680579438995199,0.0010981783448941696,0.00072691,0.0,5.8963426081089564e-05,-4.8097227106013783e-08,0.0,960000000.0,1,0.05789349738533568
378,27.645958007954547,1.1239047004545384,0.4420612140896645,0.6536490193647835,0.04938320599999999,0.0018011730139253187,0.008270837367745778,2.36920104083297e-05,0.19408644712131493,256000000.0,1,0.024324198011721518
379,26.25774415666666,0.9796849783333386,0.6477027463004599,0.1344538041987079,0.0039984700000000005,0.0,3.072722807054831e-05,-1.4472757907157127e-06,0.016281227569545347,64000000.0,1,0.06813160858873332
380,26.98383809651515,0.9840815145454584,0.3937951307756086,0.13300622736462703,0.00995025,0.002364039580776981,0.00015195076736555677,5.513477737664323e-06,0.3420034672495666,512000000.0,1,0.056510124000857566
381,27.928499197121212,1.1080537681060605,0.2995225430265569,0.036694906774055666,0.005222878999999999,0.0,0.015733462562549167,1.235609559963436e-05,0.36539272688492314,128000000.0,1,0.08133493940937178
382,26.874812800075755,0.9877538197727276,0.0,0.0,8.272000000000001e-05,0.0,0.00041932742859104925,4.0248372342236397e-07,0.9999999999999999,64000000.0,1,0.0339194726889832
383,26.117768997575755,0.9839520225000058,0.3718963902997956,0.43448044216649323,0.073233838,0.003388456732447006,0.0001894105225731027,3.221679973452519e-05,0.20087394572984146,320000000.0,1,0.04000774785581693
384,26.117768997575755,0.9839520225000058,0.930098985796445,0.3775268145075433,0.033665234,0.002167036282378899,0.00026514125370714415,1.038815838946184e-06,0.007793470260744362,320000000.0,1,0.027894272386604274
385,27.301119582424246,1.005938395681813,0.27452439315314875,0.17805318378061188,0.030307070000000002,0.002150150285373349,0.00041245370043348206,3.0048516491748466e-05,0.5672190680260414,640000000.0,1,0.04874649451046734
386,27.792537630303027,1.015260971969699,0.9342287181512937,0.0022373000055412196,0.00010125999999999999,0.0,6.580329276013447e-05,8.202988715313082e-09,0.0,64000000.0,1,0.026032051850690664
387,28.17369113825758,1.1002189522727228,0.009637832916260839,0.0005737294444214653,0.004409705,0.0,0.017655657067254703,3.2936157910945186e-06,0.14677557795816276,256000000.0,1,0.022873179260326497
388,26.73929622189394,0.9891642812878771,0.9969779906488767,0.006403470186435286,0.00035076,0.0,0.0004925709835763699,3.6165260323017394e-08,0.0030220093511232754,64000000.0,1,0.026032142155695534
389,28.585747418257583,1.0936433156818133,0.21491812743524408,0.009103585341519107,0.009924569999999999,0.0,0.032653864257539994,-3.243499563154261e-05,0.0,64000000.0,1,0.01474822151978155
390,28.585747418257583,1.0936433156818133,0.6431402880422602,0.7599034353751425,0.035947989,0.0,3.332690108615903e-05,-2.2572786311508947e-05,0.0,256000000.0,1,0.0001005040948450273
391,28.585747418257583,1.0936433156818133,0.9283058450688509,0.03852573902562537,0.00224035,0.0,0.0004404053967391548,-3.0572866955983653e-06,0.0,64000000.0,1,0.024320853585372233
392,28.585747418257583,1.0936433156818133,0.8503647993978021,0.10604209153475855,0.00600467,0.0022514662674066486,0.0002428806140743436,-5.838513684199417e-07,0.0,384000000.0,1,0.05150933504506472
393,28.585747418257583,1.0936433156818133,0.816493876406937,0.061300684714707565,0.005404915,0.0,0.012393695368168514,-6.995866530928153e-09,0.0,64000000.0,1,0.020586785387380957
394,28.585747418257583,1.0936433156818133,0.28870848261768123,0.02002660350037604,0.004163196,0.0,9.280578542663941e-05,-5.852929906542548e-06,0.0,256000000.0,1,0.013245409598970692
395,26.192314645530303,0.9892481302272707,0.39133799137369457,0.8417018200130241,0.112841587,0.004350958561763348,2.948971728775585e-05,0.0001834615711920037,0.6031569371671457,384000000.0,1,0.0007190838017764947
396,28.734874233333333,1.093981648939394,0.20974703483614343,0.29347763888300415,0.335747297,0.009788249597550404,0.020706684822937107,-2.8916701916310413e-05,0.0,1024000000.0,1,0.018699724267638117
397,28.30260170083333,1.0740819295454536,0.003579486144439824,0.0038995491139041643,0.069998036,0.002364039580776981,0.003004517988905501,-4.781616945239193e-05,7.028768635737152e-05,192000000.0,1,0.00048284238074366114
398,28.30260170083333,1.0740819295454536,0.0042156254113815015,0.002019371003843665,0.034753324999999995,0.0,0.0045526917073941435,-6.257355653640995e-05,6.128909967607417e-05,64000000.0,1,0.017122241889046978
399,28.306032531363634,1.0856247696212122,0.0009617024569801439,0.0009184252873912172,0.074867231,0.0023246389210973646,0.005093667003810183,-3.272809129204122e-05,0.00014425536854702158,256000000.0,1,0.02165878640288079
400,28.976260411136366,1.1022932171212112,0.3049321660981552,0.6077626255131527,0.663452474,0.05053416037194222,0.011167851869703975,-0.00024182685558202347,0.0,832000000.0,1,0.060229088458933905
401,28.11202927106061,1.0722656151515082,0.31474031967025673,0.17558597667964757,0.05724210999999999,0.0,0.0030844359534642433,3.740007667833861e-06,0.005579546246635564,384000000.0,1,0.04548254732466066
402,28.107055695909086,1.0699976765909192,0.10340362956739411,0.07106519177108912,0.057972143,0.009236640362035775,0.004077025237640246,4.452918949251569e-06,0.0008107342176396689,960000000.0,1,0.00047030173523921923
403,28.107055695909086,1.0699976765909192,0.2789951455017803,0.7906999111459647,0.8086879059999998,0.0006641825488849613,0.001758558618350696,5.837649080448677e-05,0.06697849639907934,1984000000.0,1,0.04290050276119017
404,28.096795257954543,1.0647055952272737,0.0799364500523561,0.005399973443399483,0.006172153000000001,0.0,0.009613282449903003,1.029866486436444e-05,0.0036559365913320673,64000000.0,1,0.025407616182936597
405,28.742395622272728,1.112241135833333,0.1460659497345453,0.20338593117482875,0.18043493400000002,1.1257331337033242e-05,0.006013057040816733,-6.954668100645639e-05,0.0,448000000.0,1,0.03170123198087969
406,28.165594543484847,1.0895332400000015,0.3299255865969496,0.6146057594448779,0.45879436500000004,0.0022627235987436817,0.0019982914418784,4.3234278415125955e-05,0.055850293627734506,832000000.0,1,0.017746200754142478
407,28.165594543484847,1.0895332400000015,0.32611228680692367,0.4305624715181541,0.05501234,0.0,0.0011265919517395595,7.514199581858259e-05,0.07777395035368428,64000000.0,1,0.027825536071764717
408,28.205441550984848,1.0677474776515155,0.005889494166068675,0.0174706435593861,0.065916357,0.0,0.0019701663022166456,9.742673381640263e-06,0.005598822762611107,192000000.0,1,0.02090342412532105
409,28.301285422727275,1.0902516203787869,0.0959463445532106,0.7979425130220252,1.200222901,0.01272641307651608,0.0008188739303961095,-3.544410332974419e-05,0.0001730461898593618,2432000000.0,1,0.008684061247276966
410,28.19814971628788,1.0950298959848404,0.11539209873885913,0.1788449906938986,0.302990416,0.0005065799101664959,0.0032580297495384413,4.115586175422817e-05,0.06733747644347932,832000000.0,1,0.025626021039938395
411,28.19814971628788,1.0950298959848404,0.045330139159309425,0.008962065836312726,0.01946043,0.0,0.004423777692995719,6.704927883123274e-06,0.10015729354387339,320000000.0,1,0.03040689874920566
412,28.190848807727267,1.0928890115909091,0.25296862077769994,0.025476629228664817,0.009109786,0.0,0.00413390875557471,8.132532468778192e-06,0.02720107804947339,64000000.0,1,0.02741008282761193
413,28.190848807727267,1.0928890115909091,0.5527443954017518,0.015437347585894726,0.0023025289999999998,0.0,0.0005255959841288604,-2.4936898794738835e-07,0.0008251796177159985,64000000.0,1,0.03407024393820602
414,28.071930943106064,1.0793659080302902,0.22407627013587256,0.25011247305182266,0.058572021,0.0023584109151084643,0.0003712503121732959,1.4403198182622539e-05,0.014857213139358809,576000000.0,1,0.01820643539673849
415,28.251056754848488,1.113429662499989,0.05715486689330694,0.013178118144845619,0.042441705,0.0,0.004139711105572176,1.1671089858254654e-05,0.047083640961172506,512000000.0,1,0.02082004368477979
416,28.251056754848488,1.113429662499989,0.5303413906888937,0.009399465558581704,0.001773452,0.0,0.005380531720928411,2.2585771112036203e-07,0.003986575334432508,192000000.0,1,0.04143888104038088
417,28.51787588204546,1.1468885535606006,0.022330717854983424,0.0009979016331548,0.0071943499999999995,0.0,0.003592486246755992,-2.297509898048542e-05,0.0,128000000.0,1,0.1255780012354358
418,28.51787588204546,1.1468885535606006,0.7091624839117011,0.010403742763190353,0.001644052,0.0,0.006862239222923248,-6.842170880939421e-07,0.0,64000000.0,1,0.09157005048102057
419,28.51787588204546,1.1468885535606006,0.018934093951477486,0.000940703344992111,0.007399245,0.0,0.003610029627001183,-3.395694822398761e-05,0.0,64000000.0,1,0.09254475717190919
420,26.81537345568182,1.193691340227275,0.0,0.0,4.3679999999999995e-06,0.0,4.2003050802121386e-07,1.1069757942965645e-07,0.30219780219780223,64000000.0,1,0.009916397534758332
421,26.81537345568182,1.193691340227275,0.9190943729374464,0.9582030540888078,0.01513294,0.00012383064470736566,9.421635471725188e-18,-2.078977431633834e-06,0.018089545058660114,192000000.0,1,0.0488475906414416
422,27.47110904295454,1.0397505300757608,0.0,0.0,4.65e-07,0.0,1.7317522130030157e-06,-1.036672436240055e-08,0.0,64000000.0,1,0.05478456745717486
